path,area,is_tracked,size,line_count,has_main_guard,uses_argparse,defines_dataclass,defines_functions_count,defines_classes_count,imports_count,imported_by_count,referenced_in_docs_count,likely_role,status_guess,risk_notes
scripts/analysis/audit_3d_fem_joint_constraint_bracketing.py,scripts,true,72324,1662,true,false,true,54,4,11,0,1,entry-point,active-diagnostic,
scripts/analysis/audit_3d_fem_joint_coupling_models.py,scripts,true,55121,1317,true,false,true,49,4,11,0,1,entry-point,active-diagnostic,
scripts/analysis/audit_3d_fem_point_joint_mu0_eps0p01.py,scripts,true,54622,1310,true,false,true,43,3,11,0,1,entry-point,active-diagnostic,
scripts/analysis/audit_3d_fem_rigid_joint_thickness_trend.py,scripts,true,46730,1085,true,false,true,34,2,14,0,1,entry-point,active-diagnostic,
scripts/analysis/audit_article_beta5_eta0p5_desc1_desc2_crossing.py,scripts,true,37714,895,true,false,true,32,4,16,0,2,entry-point,active-diagnostic,
scripts/analysis/audit_coupled_equal_thickness_beta15_eps0p01_mu0_fem_sanity.py,scripts,true,22328,481,true,false,true,18,1,10,0,1,entry-point,active-diagnostic,
scripts/analysis/audit_desc6_veering_localization.py,scripts,true,17443,460,true,false,true,17,1,8,0,2,entry-point,active-diagnostic,
scripts/analysis/audit_eta0_mu_positive_gap_rearrangement_verification.py,scripts,true,36745,880,true,true,true,33,2,17,0,2,entry-point,active-diagnostic,
scripts/analysis/audit_eta0p5_eps0p0025_lambda_mu_crossings.py,scripts,true,32450,770,true,false,true,23,1,13,0,2,entry-point,active-diagnostic,
scripts/analysis/audit_eta_parameter_positive_gap_verification.py,scripts,true,60420,1381,true,true,true,62,5,19,0,2,entry-point,active-diagnostic,
scripts/analysis/audit_eta_scan_first6_rearrangement.py,scripts,true,35346,837,true,false,true,37,1,11,0,1,entry-point,active-diagnostic,
scripts/analysis/audit_lambda_beta_sorted_descendant_thickness_mismatch.py,scripts,true,44459,1045,true,false,true,28,1,14,3,1,entry-point,active-diagnostic,
scripts/analysis/audit_mode_shape_branch2_beta_transition_eta0p1_mu0p3.py,scripts,true,33764,800,true,true,true,28,2,14,0,3,entry-point,active-diagnostic,
scripts/analysis/audit_mu_scan_eta0_first6_rearrangement.py,scripts,true,49125,1179,true,true,true,47,2,12,2,2,entry-point,active-diagnostic,
scripts/analysis/audit_timoshenko_energy_partition_beta15_eps0p01_eta0_eta0p5.py,scripts,true,45288,1074,true,false,true,35,3,24,0,2,entry-point,active-diagnostic,
scripts/analysis/audit_variable_length_thickness_timoshenko_limits.py,scripts,true,42283,996,true,false,false,25,0,22,0,2,entry-point,active-diagnostic,
scripts/analysis/audit_variable_length_timoshenko_limits.py,scripts,true,22783,541,true,false,false,15,0,10,0,1,entry-point,active-diagnostic,
scripts/analysis/check_analytic_shape_in_fem_residual.py,scripts,true,193407,4376,true,true,true,123,2,33,4,2,entry-point,active-diagnostic,
scripts/analysis/check_beta0_single_rod_limit.py,scripts,true,19564,511,true,true,true,19,2,18,0,2,entry-point,active-diagnostic,
scripts/analysis/check_fem_right_transform_variants.py,scripts,true,18966,497,true,true,true,21,1,24,0,2,entry-point,active-diagnostic,
scripts/analysis/check_mu_to_one_single_rod_limit.py,scripts,true,37770,912,true,true,false,38,0,15,0,2,entry-point,active-diagnostic,
scripts/analysis/check_single_beam_exact_shape_residual.py,scripts,true,9287,273,true,false,false,14,0,7,0,2,entry-point,active-diagnostic,
scripts/analysis/check_thickness_mismatch_branch_identity_eta_p0p5.py,scripts,true,21770,549,true,false,false,14,0,10,0,3,entry-point,active-diagnostic,
scripts/analysis/check_thickness_mismatch_eta_zero_limit.py,scripts,true,8667,232,true,false,false,8,0,12,0,3,entry-point,active-diagnostic,
scripts/analysis/compare_analytic_fem_tracked_descendant_shape.py,scripts,true,75565,1815,true,true,false,57,0,19,1,2,entry-point,active-diagnostic,
scripts/analysis/compare_coupled_equal_rods_eb_timoshenko.py,scripts,true,41198,1071,true,false,true,38,2,13,1,1,entry-point,active-diagnostic,
scripts/analysis/compare_joint_dynamic_stiffness_analytic_fem.py,scripts,true,140127,3618,true,true,false,96,0,21,0,2,entry-point,active-diagnostic,
scripts/analysis/compare_single_rod_eb_timoshenko.py,scripts,true,18308,550,true,false,true,17,1,9,2,1,entry-point,active-diagnostic,
scripts/analysis/fem_check_thickness_mismatch_eta_p0p5_beta15.py,scripts,true,37657,930,true,false,true,29,2,18,0,3,entry-point,active-diagnostic,
scripts/analysis/plot_article_fig3_with_fp_and_ff_refs.py,scripts,true,13630,378,true,true,false,8,0,12,0,2,entry-point,active-diagnostic,
scripts/analysis/plot_coupled_equal_rods_beta15_eps0p01_eb_timoshenko_fem_vs_mu.py,scripts,true,76272,1756,true,false,true,67,7,19,0,1,entry-point,active-diagnostic,
scripts/analysis/plot_desc05_full_shapes_beta15_eps_sweep.py,scripts,true,31226,787,true,true,false,24,0,24,1,2,entry-point,active-diagnostic,
scripts/analysis/plot_diagnostic_eta_mu_beta_frequency_maps.py,scripts,true,45635,1124,true,true,true,26,1,17,0,2,entry-point,active-diagnostic,
scripts/analysis/plot_eta_scan_selected_lambda_beta_descendants.py,scripts,true,27539,638,true,false,true,16,1,11,0,1,entry-point,active-diagnostic,
scripts/analysis/plot_lambda_beta_eta0_eps0p0025_mu_rearrangement_check.py,scripts,true,23740,579,true,false,true,25,1,11,0,2,entry-point,active-diagnostic,
scripts/analysis/plot_lambda_eta_thickness_mismatch.py,scripts,true,8522,213,true,false,false,8,0,10,0,2,entry-point,active-diagnostic,
scripts/analysis/plot_lambda_mu_eta_m0p5_with_single_beam_refs.py,scripts,true,26022,715,true,true,false,22,0,17,0,2,entry-point,active-diagnostic,
scripts/analysis/plot_lambda_mu_thickness_mismatch_beta15_eta_descendants.py,scripts,true,23851,652,true,true,false,15,0,19,0,3,entry-point,active-diagnostic,
scripts/analysis/plot_lambda_mu_thickness_mismatch_beta15_eta_large_slenderness.py,scripts,true,20798,585,true,false,true,21,2,12,0,2,entry-point,active-diagnostic,
scripts/analysis/plot_lambda_mu_thickness_mismatch_beta45_eta_p0p5_with_isolated_rods.py,scripts,true,14133,369,true,false,false,5,0,17,0,2,entry-point,active-diagnostic,
scripts/analysis/plot_lambda_mu_thickness_mismatch_beta45_eta_p0p5_with_isolated_rods_fixed_fixed.py,scripts,true,15574,385,true,false,false,7,0,19,0,2,entry-point,active-diagnostic,
scripts/analysis/plot_lambda_mu_thickness_mismatch_eta_p0p5_with_isolated_rods.py,scripts,true,10726,300,true,false,false,4,0,17,0,2,entry-point,active-diagnostic,
scripts/analysis/plot_lambda_vs_beta_fixed_mu.py,scripts,true,19147,442,true,true,false,16,0,11,0,2,entry-point,active-diagnostic,
scripts/analysis/plot_mode_shapes_eta_beta_scan.py,scripts,true,39967,956,true,true,true,34,2,21,3,2,entry-point,active-diagnostic,
scripts/analysis/plot_mode_shapes_eta_beta_scan_sorted_modes.py,scripts,true,45686,1033,true,true,true,46,1,17,0,3,entry-point,active-diagnostic,
scripts/analysis/plot_rigid_joint_equal_thickness_beta15_eps_trend.py,scripts,true,22253,591,true,false,true,20,1,10,0,1,entry-point,active-diagnostic,
scripts/analysis/plot_rigid_joint_equal_thickness_beta15_lambda_mu_eps_sweep.py,scripts,true,73330,1748,true,false,true,66,5,18,0,1,entry-point,active-diagnostic,
scripts/analysis/plot_thickness_mismatch_branch5_shapes.py,scripts,true,16001,414,true,false,true,15,2,16,0,4,entry-point,active-diagnostic,
scripts/analysis/plot_thickness_mismatch_branch_shapes_vs_eta.py,scripts,true,38251,935,true,true,true,32,2,21,3,3,entry-point,active-diagnostic,
scripts/analysis/plot_thickness_mismatch_desc5_veering_mode_shapes.py,scripts,true,15251,432,true,false,true,15,1,7,0,1,entry-point,active-diagnostic,
scripts/analysis/plot_thickness_mismatch_desc6_veering_mode_shapes.py,scripts,true,16938,450,true,false,true,13,1,8,0,2,entry-point,active-diagnostic,
scripts/analysis/plot_thickness_mismatch_eta_p0p5_global_spectrum.py,scripts,true,35368,856,true,false,false,20,0,12,0,3,entry-point,active-diagnostic,
scripts/analysis/plot_thickness_mismatch_fem_comparison_eta_p0p5_beta15.py,scripts,true,21390,543,true,false,true,16,2,21,0,4,entry-point,active-diagnostic,
scripts/analysis/solid_fem_coupled_equal_rods.py,scripts,true,78147,1865,true,false,true,77,10,14,0,1,entry-point,active-diagnostic,
scripts/analysis/solid_fem_coupled_equal_rods_beta15.py,scripts,true,70218,1720,true,false,true,74,10,14,0,1,entry-point,active-diagnostic,
scripts/analysis/solid_fem_coupled_equal_rods_point_joint.py,scripts,true,213978,4575,true,false,true,134,14,16,0,1,entry-point,active-diagnostic,
scripts/analysis/solid_fem_single_rod_fixed_fixed.py,scripts,true,85027,2057,true,false,true,67,9,15,0,2,entry-point,active-diagnostic,
scripts/analysis/summarize_diagnostic_eta_mu_beta_global_trends.py,scripts,true,36404,821,true,false,false,37,0,12,0,2,entry-point,active-diagnostic,
scripts/analysis/thickness_mismatch/audits/analyze_universal_eb_validity_parameters_stage1.py,scripts,true,40986,1021,true,true,true,33,1,16,1,3,entry-point,active-diagnostic,
scripts/analysis/thickness_mismatch/audits/audit_eb_epsilon_baseline_thresholds.py,scripts,true,164831,3591,true,true,true,75,4,27,1,2,entry-point,active-diagnostic,
scripts/analysis/thickness_mismatch/audits/audit_eb_epsilon_lower_envelope_step3a.py,scripts,true,95083,2055,true,true,true,48,4,23,1,1,entry-point,closed-research,
scripts/analysis/thickness_mismatch/audits/audit_eb_timo_branch_continuation_gateway.py,scripts,true,58479,1231,true,true,true,19,1,17,1,3,entry-point,active-diagnostic,
scripts/analysis/thickness_mismatch/audits/audit_eb_timo_general_spectrum_completeness.py,scripts,true,51086,1062,true,true,true,24,1,19,1,2,entry-point,active-diagnostic,
scripts/analysis/thickness_mismatch/audits/audit_eb_validity_fixed_epsilon_geometry_scan.py,scripts,true,126351,3031,true,true,true,93,7,25,6,4,entry-point,active-diagnostic,
scripts/analysis/thickness_mismatch/audits/audit_eb_validity_vs_timoshenko_stage1.py,scripts,true,92155,2368,true,true,true,69,6,23,5,3,entry-point,active-diagnostic,
scripts/analysis/thickness_mismatch/audits/audit_full_spectrum_3d_fem_smoke_extraction.py,scripts,true,19171,481,true,true,false,21,0,10,0,1,entry-point,active-diagnostic,
scripts/analysis/thickness_mismatch/audits/audit_longitudinal_suspect_modes_eb_timo.py,scripts,true,76068,1897,true,true,true,66,6,18,0,1,entry-point,active-diagnostic,
scripts/analysis/thickness_mismatch/audits/audit_single_rod_reference_curves.py,scripts,true,29010,682,true,false,true,20,1,12,0,1,entry-point,active-diagnostic,
scripts/analysis/thickness_mismatch/audits/audit_timoshenko_modes456_visualization.py,scripts,true,34016,843,true,true,true,30,1,13,0,0,entry-point,active-diagnostic,possible orphan; manual CLI/provenance review required
scripts/analysis/thickness_mismatch/audits/audit_timoshenko_modes_4_6_shape_diagnostics.py,scripts,true,38563,927,true,true,true,30,1,13,0,1,entry-point,active-diagnostic,
scripts/analysis/thickness_mismatch/audits/audit_timoshenko_shape_bug_thin_limit.py,scripts,true,57883,1294,true,true,true,36,1,13,0,1,entry-point,active-diagnostic,
scripts/analysis/thickness_mismatch/audits/audit_timoshenko_shape_construction.py,scripts,true,94563,2301,true,true,true,68,5,17,8,0,entry-point,active-diagnostic,
scripts/analysis/thickness_mismatch/audits/check_3d_fem_environment.py,scripts,true,29978,764,true,true,false,22,1,12,0,1,entry-point,active-diagnostic,
scripts/analysis/thickness_mismatch/audits/compare_beta90_in_plane_first6_to_single_rod_refs.py,scripts,true,31254,831,true,true,true,25,3,15,0,1,entry-point,active-diagnostic,
scripts/analysis/thickness_mismatch/audits/compare_full_spectrum_analytic_vs_3d_fem.py,scripts,true,27122,677,true,true,true,17,2,11,0,2,entry-point,active-diagnostic,
scripts/analysis/thickness_mismatch/audits/compare_out_of_plane_analytic_vs_1d_fem.py,scripts,true,20304,497,true,false,true,13,1,14,0,2,entry-point,active-diagnostic,
scripts/analysis/thickness_mismatch/audits/run_coupled_mu0p3_eta0_beta15_3d_smoke.py,scripts,true,42035,1004,true,true,false,37,0,12,0,1,entry-point,active-diagnostic,
scripts/analysis/thickness_mismatch/audits/run_eb_epsilon_apriori_pilot.py,scripts,true,49353,1219,true,true,true,27,4,20,5,2,entry-point,active-diagnostic,
scripts/analysis/thickness_mismatch/audits/run_full_spectrum_3d_fem_smoke_case.py,scripts,true,27094,669,true,true,false,18,0,11,0,1,entry-point,active-diagnostic,
scripts/analysis/thickness_mismatch/audits/run_straight_uniform_3d_mesh_convergence.py,scripts,true,23121,552,true,true,false,20,0,10,0,1,entry-point,active-diagnostic,
scripts/analysis/thickness_mismatch/audits/validate_eb_timo_3d_beta0_stepped.py,scripts,true,57427,1464,true,true,true,45,4,15,0,1,entry-point,active-diagnostic,
scripts/analysis/thickness_mismatch/audits/validate_eb_timo_3d_beta0_uniform_eps0p05.py,scripts,true,44323,1109,true,true,true,30,3,12,0,1,entry-point,active-diagnostic,
scripts/analysis/thickness_mismatch/benchmarks/benchmark_rule_s_cost_break_even.py,scripts,true,52631,1115,true,true,true,35,5,23,1,4,entry-point,closed-research,
scripts/analysis/thickness_mismatch/maps/plot_counterexample_dimensional_frequency_beta.py,scripts,true,50204,1296,true,true,true,30,3,22,1,2,entry-point,active-diagnostic,
scripts/analysis/thickness_mismatch/maps/plot_eb_vs_timoshenko_lambda_beta_cases.py,scripts,true,102083,2488,true,true,true,77,6,22,8,2,entry-point,active-diagnostic,
scripts/analysis/thickness_mismatch/maps/plot_eb_vs_timoshenko_lambda_mu_cases.py,scripts,true,83577,1976,true,true,true,59,5,22,0,2,entry-point,active-diagnostic,
scripts/analysis/thickness_mismatch/maps/plot_in_plane_vs_out_of_plane_lambda_beta.py,scripts,true,43031,1043,true,true,true,33,2,15,0,1,entry-point,active-diagnostic,
scripts/analysis/thickness_mismatch/maps/plot_lambda_eta_beta90_mu_scan_with_single_rod_refs.py,scripts,true,47578,1150,true,true,true,33,3,16,0,1,entry-point,active-diagnostic,
scripts/analysis/thickness_mismatch/maps/plot_lambda_mu_beta90_eta0p1_with_single_rod_refs.py,scripts,true,43118,1016,true,true,true,26,2,17,2,0,entry-point,active-diagnostic,
scripts/analysis/thickness_mismatch/maps/plot_lambda_mu_beta90_eta_scan_with_single_rod_refs.py,scripts,true,29771,702,true,true,true,20,2,13,0,1,entry-point,active-diagnostic,
scripts/analysis/thickness_mismatch/maps/plot_out_of_plane_lambda_beta_mu_eta.py,scripts,true,27612,679,true,true,true,22,2,13,0,1,entry-point,active-diagnostic,
scripts/analysis/thickness_mismatch/maps/plot_out_of_plane_mode_character_beta.py,scripts,true,24390,562,true,true,true,20,1,13,0,2,entry-point,active-diagnostic,
scripts/analysis/thickness_mismatch/postprocess/analyze_eb_epsilon_apriori_pilot.py,scripts,true,65188,1475,true,true,true,39,2,17,3,2,entry-point,active-diagnostic,
scripts/analysis/thickness_mismatch/postprocess/analyze_eb_rule_ab_exact_pareto.py,scripts,true,103561,2298,true,true,true,60,7,18,1,4,entry-point,closed-research,
scripts/analysis/thickness_mismatch/postprocess/analyze_eb_safe_prefix_certification.py,scripts,true,94746,2267,true,true,true,62,4,19,6,5,entry-point,active-diagnostic,
scripts/analysis/thickness_mismatch/shapes/plot_eb_timo_full_mode_shapes_eps0p03_beta45_eta0_modes4_6.py,scripts,true,35839,965,true,true,true,38,2,15,0,1,entry-point,active-diagnostic,
scripts/analysis/thickness_mismatch/shapes/plot_in_plane_mode_shapes_beta90_mu0p3_eta0p1_first6.py,scripts,true,33293,807,true,true,true,36,2,19,0,1,entry-point,active-diagnostic,
scripts/analysis/track_lambda_eta_thickness_mismatch.py,scripts,true,21041,541,true,false,true,14,1,11,2,3,entry-point,active-diagnostic,
scripts/analysis/track_lambda_mu_thickness_mismatch_eta_sweep.py,scripts,true,29028,728,true,false,false,20,0,11,0,3,entry-point,active-diagnostic,
scripts/analysis/validate_article_shape_cases_beta15.py,scripts,true,19536,528,true,true,false,21,0,9,0,2,entry-point,active-diagnostic,
scripts/analyze_branchwise_fem_spectrum.py,scripts,true,38656,890,true,false,false,27,0,18,1,2,entry-point,active-diagnostic,
scripts/analyze_flat_mu_bending_energy.py,scripts,true,23381,595,true,false,false,21,0,18,3,1,entry-point,active-diagnostic,
scripts/analyze_flat_mu_branches.py,scripts,true,31523,707,true,false,false,23,0,16,0,1,entry-point,active-diagnostic,
scripts/analyze_target_descendants_beta15_r5.py,scripts,true,25022,617,true,false,true,18,1,27,0,2,entry-point,active-diagnostic,
scripts/compare_beta0_analytic_vs_fem.py,scripts,true,29534,729,true,false,false,30,0,16,13,2,entry-point,active-diagnostic,
scripts/compare_beta_positive_type_aware.py,scripts,true,22568,553,true,false,false,16,0,23,0,2,entry-point,active-diagnostic,
scripts/lib/analytic_branch_tracking.py,scripts,true,50169,1315,false,false,true,51,4,20,10,3,library,stable,
scripts/lib/analytic_coupled_rods_shapes.py,scripts,true,11623,301,false,false,false,15,0,3,16,2,library,stable,
scripts/lib/branch_informed_spectrum_continuation.py,scripts,true,69504,1620,false,false,true,45,12,16,7,1,library,active-diagnostic,
scripts/lib/diagnostic_common.py,scripts,true,2840,86,false,false,false,8,0,7,3,1,library,stable,
scripts/lib/epsilon_lower_envelope_metrics.py,scripts,true,8263,256,false,false,true,12,1,5,2,0,library,stable,
scripts/lib/general_spectrum_completeness.py,scripts,true,55839,1314,false,false,true,43,10,19,9,1,library,active-diagnostic,
scripts/lib/in_plane_shape_geometry.py,scripts,true,6145,237,false,false,true,16,2,4,15,2,library,stable,
scripts/lib/straight_rod_factorized_spectrum.py,scripts,true,21598,593,false,false,true,23,4,13,3,1,library,stable,
scripts/lib/thickness_mismatch_diagnostic_helpers.py,scripts,true,12351,376,false,false,true,16,2,14,7,1,library,stable,
scripts/lib/thickness_mismatch_mac_tracking.py,scripts,true,21105,498,false,false,true,10,2,8,16,1,library,stable,
scripts/lib/tracked_bending_descendant_shapes.py,scripts,true,40853,1032,false,false,false,41,0,29,6,2,library,stable,
scripts/lib/variable_length_timoshenko.py,scripts,true,20822,588,false,false,true,31,4,6,16,3,library,stable,
scripts/plot_beta_sweep_mu0_compare.py,scripts,true,16483,447,true,false,false,25,0,19,1,2,entry-point,active-diagnostic,
scripts/plot_beta_sweep_mu0_four_radii_compare.py,scripts,true,7512,207,true,false,false,9,0,17,1,2,entry-point,active-diagnostic,
scripts/plot_flat_mu_bending_desc_01_mu0_0p1_0p2_ru.py,scripts,true,624,26,true,false,false,0,0,4,0,2,entry-point,active-diagnostic,
scripts/plot_flat_mu_bending_desc_02_mu0_0p1_0p2_ru.py,scripts,true,624,26,true,false,false,0,0,4,0,2,entry-point,active-diagnostic,
scripts/plot_flat_mu_bending_desc_04_mu0_0p1_0p2_ru.py,scripts,true,678,28,true,false,false,0,0,4,0,1,entry-point,active-diagnostic,
scripts/plot_flat_mu_bending_desc_06_clean_ru.py,scripts,true,802,31,true,false,false,0,0,4,0,1,entry-point,active-diagnostic,
scripts/plot_flat_mu_bending_desc_06_mu0_0p1_0p2_ru.py,scripts,true,863,32,true,false,false,0,0,4,0,1,entry-point,active-diagnostic,
scripts/plot_freq_mu_vs_fem.py,scripts,true,4813,135,true,false,false,4,0,8,0,2,entry-point,active-diagnostic,
scripts/plot_mu_sweep_beta0_four_radii_compare.py,scripts,true,12207,320,true,false,false,13,0,22,3,2,entry-point,active-diagnostic,
scripts/plot_mu_sweep_beta_fixed_four_radii_compare.py,scripts,true,10969,291,true,false,false,9,0,27,1,2,entry-point,active-diagnostic,
scripts/plot_mu_sweep_radius_fixed_four_betas_analytic.py,scripts,true,11875,341,true,true,false,17,0,22,1,1,entry-point,active-diagnostic,
scripts/plot_tracked_bending_descendant_shapes_ru.py,scripts,true,6169,160,true,true,false,3,0,32,6,2,entry-point,active-diagnostic,
scripts/run/run_analytic_coupled_rods_mode_shape_ru.py,scripts,true,22666,603,true,true,false,20,0,20,0,2,entry-point,active-diagnostic,
scripts/run/run_analytic_coupled_rods_vibration_shapes_beta15_mu06_eps0025_001_ru.py,scripts,true,2646,96,true,false,false,2,0,4,0,2,compatibility-wrapper,compatibility-wrapper,
scripts/run/run_beta_sweep_mu0_four_radii.py,scripts,true,713,27,true,true,false,2,0,6,0,2,compatibility-wrapper,compatibility-wrapper,
scripts/run/run_branchwise_fem_audit.py,scripts,true,722,27,true,true,false,2,0,6,0,2,compatibility-wrapper,compatibility-wrapper,
scripts/run/run_lambda_mu_beta15_eps001_fixed_fixed_ref.py,scripts,true,19931,515,true,true,false,18,0,16,0,2,entry-point,active-diagnostic,
scripts/run/run_lambda_mu_fixed_beta_analytic.py,scripts,true,9522,246,true,true,false,9,0,14,0,2,entry-point,active-diagnostic,
scripts/run/run_mu_sweep_beta0_four_radii.py,scripts,true,713,27,true,true,false,2,0,6,0,2,compatibility-wrapper,compatibility-wrapper,
scripts/run/run_mu_sweep_fixed_beta_four_radii.py,scripts,true,764,29,true,true,false,2,0,6,0,2,compatibility-wrapper,compatibility-wrapper,
scripts/run/run_mu_sweep_four_betas_analytic.py,scripts,true,511,20,true,false,false,1,0,5,0,2,compatibility-wrapper,compatibility-wrapper,
scripts/run/run_tracked_bending_descendant_shape_ru.py,scripts,true,18890,464,true,true,false,10,0,20,0,3,entry-point,active-diagnostic,
scripts/run/run_tracked_bending_descendant_shapes_ru.py,scripts,true,506,20,true,false,false,1,0,5,0,1,compatibility-wrapper,compatibility-wrapper,
scripts/run_fem_case.py,scripts,true,176,9,true,false,false,1,0,0,0,1,entry-point,active-diagnostic,
scripts/run_program1.py,scripts,true,167,9,true,false,false,1,0,0,0,1,entry-point,active-diagnostic,
scripts/run_program2.py,scripts,true,167,9,true,false,false,1,0,0,0,1,entry-point,active-diagnostic,
scripts/sweep_grid_policy.py,scripts,true,3462,112,false,false,false,7,0,2,12,2,entry-point,unknown-manual-review,runnable-looking file without main guard
src/my_project/__init__.py,src,true,62,1,false,false,false,0,0,0,0,0,library,stable,
src/my_project/analytic/FreqFromAngle.py,src,true,5565,192,true,false,false,7,0,20,1,2,entry-point,stable,
src/my_project/analytic/FreqFromMu.py,src,true,12923,437,true,false,false,14,0,28,3,2,entry-point,stable,
src/my_project/analytic/FreqMuNet.py,src,true,14066,402,true,true,false,12,0,26,10,3,entry-point,stable,
src/my_project/analytic/__init__.py,src,true,828,35,false,false,false,0,0,14,0,0,library,stable,
src/my_project/analytic/formulas.py,src,true,2730,102,false,false,true,10,1,2,30,6,library,stable,
src/my_project/analytic/formulas_out_of_plane.py,src,true,7995,275,false,false,true,9,1,9,5,0,library,active-diagnostic,
src/my_project/analytic/formulas_thickness_mismatch.py,src,true,7270,231,false,false,true,10,1,3,50,3,library,stable,
src/my_project/analytic/out_of_plane_fem_1d.py,src,true,20508,554,false,false,true,21,2,8,3,0,library,active-diagnostic,
src/my_project/analytic/solvers.py,src,true,12583,439,false,false,false,12,0,7,24,2,library,stable,
src/my_project/analytic/solvers_out_of_plane.py,src,true,5825,207,false,false,true,7,1,5,8,0,library,active-diagnostic,
src/my_project/fem/python_fem.py,src,true,17508,402,true,false,false,8,0,4,19,3,entry-point,stable,
tests/test_analytic_branch_tracking_regression.py,tests,true,4950,132,true,false,false,6,1,7,0,1,test,stable,
tests/test_analytic_smoke.py,tests,true,2213,61,true,false,false,4,1,11,0,2,test,stable,
tests/test_diagnostic_common.py,tests,true,2628,70,true,false,false,6,1,10,0,0,test,stable,
tests/test_diagnostic_script_imports.py,tests,true,2693,47,true,false,false,1,1,5,0,0,test,stable,
tests/test_eb_epsilon_apriori_pilot.py,tests,true,15913,307,true,false,false,30,1,10,0,0,test,stable,
tests/test_eb_epsilon_baseline_thresholds.py,tests,true,36196,745,true,false,false,62,1,9,0,0,test,stable,
tests/test_eb_epsilon_lower_envelope_step3a.py,tests,true,16740,388,false,false,false,58,0,9,0,0,test,closed-research,
tests/test_eb_rule_ab_exact_pareto.py,tests,true,33777,808,false,false,false,46,0,10,0,2,test,closed-research,
tests/test_eb_safe_prefix_certification.py,tests,true,19840,497,true,false,false,29,1,9,0,0,test,stable,
tests/test_eb_timo_branch_continuation_gateway.py,tests,true,17105,428,false,false,false,34,0,10,0,0,test,stable,
tests/test_eb_timo_general_spectrum_completeness.py,tests,true,14720,331,true,false,false,29,3,11,0,0,test,stable,
tests/test_eb_validity_fixed_epsilon_scan.py,tests,true,8175,235,true,false,false,12,1,6,0,1,test,stable,
tests/test_eb_validity_metrics.py,tests,true,4029,107,true,false,false,8,1,5,0,1,test,stable,
tests/test_fem_arm_energy_diagnostics.py,tests,true,725,22,false,false,false,1,0,4,0,0,test,stable,
tests/test_fem_right_transform_convention.py,tests,true,2825,71,true,false,false,2,1,13,0,1,test,stable,
tests/test_full_spectrum_analytic_vs_3d_fem_helpers.py,tests,true,3958,110,true,false,false,4,1,5,0,0,test,stable,
tests/test_in_plane_shape_geometry.py,tests,true,5671,136,true,false,false,6,1,6,0,0,test,stable,
tests/test_out_of_plane_fem_1d.py,tests,true,4063,124,true,false,false,5,1,13,0,0,test,stable,
tests/test_out_of_plane_formulas.py,tests,true,9146,258,true,false,false,15,1,11,0,0,test,stable,
tests/test_plot_counterexample_dimensional_frequency_beta.py,tests,true,7847,201,false,false,false,15,0,8,0,0,test,stable,
tests/test_single_rod_reference_curves.py,tests,true,1918,51,true,false,false,3,1,8,0,0,test,stable,
tests/test_thickness_mismatch_formulas.py,tests,true,4465,101,true,false,false,5,1,10,0,0,test,stable,
tests/test_tracked_bending_descendant_titles.py,tests,true,1389,35,true,false,false,2,1,4,0,0,test,stable,
tests/test_universal_eb_validity_parameters.py,tests,true,1939,60,true,false,false,2,1,4,0,1,test,stable,
