path,size,sha256
.codex/config.toml,31,85159a2ac2722d998106ae48e0581266f8d5f5bfd2bf8369094825343d349074
.gitignore,807,d262ade4baeec86ebeced9e5f7185b4acc198998d6825f070c58de5c50a4a95e
AGENTS.md,8129,05571d438d1d6f9d471e4599ac8a7ffa498a8c9adf8ff1b28ef56cfd240af893
CHANGELOG.md,122093,644b0ae4b30df5bbc76dae73e821f522658e208ba2e7e03dbc13ee12ebd4e54f
README.md,4148,477282bf8543fbce4239d65c8e905980a6da71a0fbafd199b39d299eb28a0229
data/external/.gitkeep,0,e3b0c44298fc1c149afbf4c8996fb92427ae41e4649b934ca495991b7852b855
data/input/.gitkeep,0,e3b0c44298fc1c149afbf4c8996fb92427ae41e4649b934ca495991b7852b855
docs/literature/bibliography.bib,13328,7a8e6bed3bafebc35605aca16337a022e7d786907024c09bd25a8b7f0d98de87
docs/literature/notes/.gitkeep,0,e3b0c44298fc1c149afbf4c8996fb92427ae41e4649b934ca495991b7852b855
docs/literature/notes/ehrhardt_2018_clamped_beam_veering.md,3261,b188088ea1dd693f1839453f836d7a5b77d599b627ebf56ca4cc47e06ee72d77
docs/literature/notes/fontanela_2021_nonlinear_localisation_coupled_beams.md,3034,500c61bad5ab1cee2ee4bc2b0af39690e66f41a9c8884d8c52784e3a2d3740ef
docs/literature/notes/lacarbonara_2005_imperfect_beams_veering.md,3039,34a6e654c268c33a0f81b08d13cad1af8840d36e95f9c98ccee470bfedc973f5
docs/literature/notes/manconi_2017_veering_strong_coupling.md,3309,e1ea60e5783e1050e8d7d1628e088ea788935e977b5c18289b9ee08ecf7300cf
docs/literature/notes/nair_1973_quasi_degeneracies.md,2859,10128bc27d4b29d3fdd5bbc369be14a1e940e8363272650254a050282f540fa6
docs/literature/pdf/1.pdf,199947,a3b3ce0d8075df9848b3b37d13eaa4401a3de9090b2d921355c1c152c4f6b483
docs/literature/pdf/2003JSVb.pdf,737517,6bed047112680d0aa62d2e18e5ce6fb69b08d54e2ae1f608dad925a7ac9891a7
docs/literature/pdf/2104.01275v2.pdf,1658557,06900c8b21a6aa35fe93a1f8aca8b3469db3eaa0672ad2a6318e62fcca8101f7
docs/literature/pdf/A2-1.pdf,1144775,fc92530169d253bd46214be9febe397671b77fc1d81fdbbf558cbae02f720aaa
docs/literature/pdf/A2-2.pdf,576559,efa460ae662f6e033b64a6c658512ced0c89fed3f0348e29108e03b0da328ea4
docs/literature/pdf/A2-3.pdf,1595888,32410ef00102d3d4a1e09fd13f56689ac86415d61849a1877c558933706c9015
docs/literature/pdf/A2-4.pdf,1291965,c5330e9ad63334d85b8c8a07d7e51a59a64515e38e5e847125da818752bf8367
docs/literature/pdf/Dissertatsiya-Pavlov-A.M.pdf,2696812,d9e12fc468b90af98618ac4d0f134dc69dadeac1aea4b080d480c29b50b7189b
docs/literature/pdf/Vibration_Analysis_of_a_Jib_Crane_using.pdf,380923,7fbb6aa7d8c04a4da0c5be35eac7ff757aae20085c923a3fe4345b97e1d94de1
docs/literature/pdf/Vibrations_of_elastically_restrained_fra.pdf,302790,6abf3e0d777b2a433ae4595cc08a4669ab44af73fcf04328fba5fefa5d19c54b
docs/literature/pdf/Wave-basedin-planevibrationanalysisofmultiplecoupledbeamstructureswitharbitraryconnectionangleandelastic__boundaryrestraints.pdf,2661370,ca40bfe26b17551c6dddacc4060396bc0b398519b05533249609407681101d10
docs/literature/pdf/ehrhardt2018.pdf,3680109,9b3f89e482d48efe65d14a86ce4f16c8133558cead8a2b5aa8bc9cd1e7784723
docs/literature/pdf/lacarbonara2005.pdf,680257,323963dd944ef989e40230211863472be5862f60c67faaa9368b478a89523ce4
docs/literature/pdf/lfmo8.pdf,828201,626af11ec9bc5e69c831a25174ce7067bb9b04a8c4dafeef2fd75acff914ed61
docs/literature/pdf/liu2002.pdf,233313,b4dedbbfd8fae3cb8afa6123040ae1f752579465c9d8e0e252bf6244ad6fa367
docs/literature/pdf/nair1973.pdf,671507,d4d09e7d73905b84f5d5cddc0d2e12895409deb14c7f45e6d7fbf735010c5f01
docs/literature/pdf/opredelenie-spektra-svobodnyh-kolebaniy-prostranstvennoy-sistemy-pryamyh-odnorodnyh-sterzhney.pdf,487872,e86a819d242702f35c9745ea3f56d7a378d40970e567f4189343ea21b420ab8b
docs/literature/pdf/perkins1986.pdf,850739,24eb1007df78b8f38a6b51b21424af52360f628ee7826c8f05191c97faedd5c2
docs/literature/pdf/pierre1988.pdf,1330599,eda987c77e61029813d78b63e7a3588714502b48e3b83b9c9df553575f8ee57e
docs/literature/pdf/s0894-91662960007-x.pdf,423583,211442d4833ba2a2f67fa15c1e03fd1096a9a54cee42af5ef2dd531fcb9f392b
docs/literature/pdf/s11071-020-05760-x.pdf,3277773,f7fddf39f55a09a8903a21633d0bca1cdd51a1975fb7d526aac8080c1fbbcb91
docs/literature/pdf/vgsa2015-3-8.pdf,659323,59cabad999273a2f7556da1db874deab4d52e1f35253a6f583c387ec7c049bbb
docs/literature/pdf/vib_139_02_021009.pdf,990565,2a45dcfbdfcb99dcb6a75123c7f62a4f656d8015a58f48c3ea295a433ef011a3
docs/literature/pdf/Статья-Дорофеев-2025.pdf,768814,a370505222371ffb850723348aa68ba66145b8d4a147badc6ebdabed97100b49
docs/literature/pdf/Т1.pdf,1197962,9ba2c9923f1f1cde7db29b1fe6fb2e9e68a1eb3811f99460a9383cf5222d5d07
docs/literature/pdf/Т2.pdf,263073,3437921c7ec21202e07a39d5079b2589a1d09905dbbf93a31b86d6ee4ffef3df
docs/literature/pdf/Т3.pdf,165008,a10e45027f03834613a7801ee84f46854378347aaf7e196ab4bf3fa67621206d
docs/literature/pdf/Т4.pdf,82335,0842b55c0e55a682d96a7edec24ed64e6a77adaaec70d410cd4901ed602a4d0f
docs/literature/pdf/работа1.pdf,1786060,eac53172be2cb856469150fa97fc10712429b83bd0f71b9c7cad023368f98ab3
docs/literature/pdf/работа2.pdf,1291965,c5330e9ad63334d85b8c8a07d7e51a59a64515e38e5e847125da818752bf8367
docs/literature/source_index.md,31554,f4f490dfc7640178b3ddd22e1abfbcb404aed374204c7175be51093c06773d7c
docs/literature/timoshenko_shear_sources.md,10733,a5a15f90d3cb1e3ca107b70b269ecd627268b6f78c974ff3f9b1a840e60e63f7
docs/project_log/journal.md,11151,cfd4de6236678e622fcb2a664cbe47559235f0d2b666194e427398bf2e99d729
docs/project_rules.md,10995,99b954c7d1a02570c819b161a61246114fb7214fc5b5deec4f16c9db63f9aac4
docs/theory/AGENTS.md,5816,6dd4baa97568c16107e2c30c4a5f5f137f38d92a687538fac3d87e2c1a9c1cc9
docs/theory/assumptions.md,3629,ab866d874c4a7c15cef2b0899a34358b9d5e2bdb4f129523161064e4c55da3c8
docs/theory/derivations/.gitkeep,0,e3b0c44298fc1c149afbf4c8996fb92427ae41e4649b934ca495991b7852b855
docs/theory/equations.tex,18694,ca9a0d66056784b2da74378b05a84ab84e7cb23d67744ac3a9d0ad6b452abe7a
docs/theory/main_note.md,4586,c1f517b613151c07252b756e7f6cd4b964dab97803e946c78700e9b76811479c
docs/theory/out_of_plane_eb_torsion.md,12647,53af0a237b4527ea4f34f5d7463ad4a1b0b33c9df1c8a0f7d7ddbda6956cba9e
docs/theory/veering_bridge/README.md,7164,c967be80ec1f5e386719dd33f160b24da883ca85ed838d3c2bb375d93b594815
docs/theory/veering_bridge/foundations.md,23384,8271a6b62792951681bef2c3a3e4dc60f35c681e6529e5f1edc05dd9b951b293
docs/theory/veering_bridge/lemma_statements.md,36675,26311346fed0e8329ec017751bd61218711048b006c0289152487c2d6375fb98
docs/theory/veering_bridge/migration_log.md,3833,2c564c9b903edfa0fc683de66c3ae8d2fc9d39258981fa6d7f6cfba8de71e3a3
docs/theory/veering_bridge/proof_notes.md,82288,ff32331499fb56274a78a14fda0b084afb765aaa16f77ae4561b6aeb572059c2
docs/theory/veering_bridge/theorem_map.md,53425,986c83698a81eb6c638e98b40fa3e6b5aec3a2148bcdf388a6378412cfa14b31
docs/thickness_mismatch/README.md,17235,837b39e762ef24161793057566a63915348c07e5d5befa4d0ee199ec91f3b91e
docs/thickness_mismatch/eb_safe_prefix_stage_closure.md,22867,ee7209a8d6090e6ebc5c51e013fa45b50eeb3fef8506e619bd210d2e5f11351c
docs/thickness_mismatch/eb_safe_spectrum_prefix_research_plan.md,39449,2c49ad58bc8311bfd26bb532c9e2b386e8e753ae6f5f87b62e3554761950c9aa
docs/thickness_mismatch/fem_validation_status.md,19475,950b6b0f6c5e3bb0fe73ec9c0584ae7dd2db0895b37c7aca61e3cab430be6d34
docs/thickness_mismatch/frequency_crossing_verification_status.md,5979,0bdb74f7f5f105eca63e5c66881225390fd24ac24b6ce66a641fab0e70dbd0e8
docs/thickness_mismatch/frequency_plot_computation_policy.md,12321,ab8d684e727143169b86b543f779b005f148e6dd84c548e42eccde13c5a1422b
docs/thickness_mismatch/solid_fem_audit.md,3593,b3daf7cf6053f640cd9cd02c4e905939f60eecf8761a9b84e44d64f0e74b4797
docs/veering/README.md,1056,f55c651bca508302320bd531ca1b8e672371d446d9c4b2e21a6b23c5d4140265
docs/veering/bending_desc_04_pair_assessment.md,3478,3c452f26a9cfafd604886b37abbe4c81e0f9387ab307fe895ac0df128f3b290a
docs/veering/candidate_cases.md,1085,dcb307fb90ef8e390a3503c8f1d4bfa9ac666f940d61397e44eb8e726f7be673
docs/veering/data/bending_desc_04_pair_search_beta15_r5.csv,1509,46344dd36aa68211c1ea751b31783fbfa20bf8e4b6e51a6c3c32391028ed7200
docs/veering/data/dataset_index.md,2371,a9e3ec09c22d76368dc266536f0f4b0439c0155726fda44dd7c43e2507cfc6e6
docs/veering/data/flat_mu_bending_energy_cases.csv,2239,14556e7e7a788603171eae71017b44264a647a268b3f0f922a81d311f7d4a1eb
docs/veering/data/mode_descriptors_beta15_r5.csv,76532,a65e87bb4fed0bd2689d5ec75211f6b1919c8f0787b40dd56ca3ece1a2ec7782
docs/veering/data/mu_sweep_interpretation_beta15_r5.csv,1629,c820eb07265ed0256dd0757d0e7ddc44e3c991c9bb61bca9b10088a92b800dfe
docs/veering/data/pair_mac_beta15_r5.csv,647,37153a94ee3fdd5559e9032e3c9f5cfd7b91e0ccb38c5edf7491dde61bad1e22
docs/veering/data/paired_branch_candidates_beta15_r5.csv,1232,3530b2d5a46c446dffbe1bb2f859ce2bf854e5c1abecf71eaafea9c60feb0cdc
docs/veering/data/paired_gap_scan_beta15_r5.csv,115301,7e69b951651cca39bb2e1eaccf83e4d8d85d90e29faf99b2b482e57967842c17
docs/veering/data/strict_veering_decision_table_beta15_r5.csv,1778,f97d1e88b82fbd10d930170d0f23a1ed89505ff9c45cc9dadd543f2394d2fbdb
docs/veering/data/target_descendants_beta15_r5_analysis.csv,154007,d8a92cb1bbdd3474d554fd8361dffa10a1f0d8026da8cc4576ace5bbb0a2d317
docs/veering/data/target_descendants_beta15_r5_selected_points.csv,2389,828ea6c6e5d48e3ea593cd3f0d05d438f1bb3951c0bc30dd4832c3140fa313b0
docs/veering/figures/figure_index.md,2082,591b65c679b628084d632d883771078d3fe01bb5a03d710452de650c30dbbb72
docs/veering/figures/flat_mu_bending_energy_summary.png,251419,74e615573a0a54b218061dcd43bb96df2a288330296b4b0f6db30e2b7bd1fca8
docs/veering/figures/lambda_mu_beta15_r5mm.png,419335,b4287aeedac7a46169057da278fdf7faa1d522322968f89dc58fe5323d4e9612
docs/veering/figures/localization_bending_desc_04_beta15_r5.png,20453,f1092526c8b0ab19f7d45f9a8e7f71b75c296e8abc30d55e32ee9cf8e676da17
docs/veering/figures/paired_branches_bending_desc_01_beta15_r5.png,32640,82ed6b90ea23fbb7da2b483bc43abaf5542044a82d29df34e5543dcf9207c895
docs/veering/figures/paired_branches_bending_desc_02_control_beta15_r5.png,29453,554e14e80bef2e388b95b0e903a4b5d7fd6be442a4217745219df6bdb4381249
docs/veering/figures/paired_branches_bending_desc_04_beta15_r5.png,32669,044affbdd7f0d2a138f0de78fff41aad3dfd3ce5fc98f9d6d17f4aa63468e777
docs/veering/figures/target_descendant_beta15_r5_bending_desc_01_selected_shapes.png,183407,e118c38e4919a4ece49284241020be76a48d323292682ecc401f3846edbb59f6
docs/veering/figures/target_descendant_beta15_r5_bending_desc_02_selected_shapes.png,163782,f6f8637e2ca2a331e3a30a36787dc380544a8b14a73aa0767240efd09f20fbd1
docs/veering/figures/target_descendant_beta15_r5_bending_desc_04_selected_shapes.png,184815,1d803647f83112284c467f2b85b2756ae1536b1f321ef015c82a90fa83a8e27d
docs/veering/literature_assessment.md,4572,08a82571a00611c8d5e6d5ed4c0e30b6a1e4e22b5567d5f31192135cfe0f1174
docs/veering/mu_slow_evolution_assessment.md,10277,8033d51e3980d77007c8ebd6b67f9f05b998ed18d3d8d8b10e1d99e40190a0a3
docs/veering/strict_veering_assessment.md,6545,757910a3f25d261f2c3fff10e4acc38984abe54b0ea7954cd0a3e72350010d3a
docs/veering/terminology.md,2414,4c6226373991220adddd7ae4ea5a7446b846ba14d8b5f3bffe86ef7ebbc8b47e
docs/writing/article_workflow.md,1983,dcc2219653ac10535b04487e8ed30db7f158addbf0a1fcbd92d2ab80e4a83062
notebooks/.gitkeep,0,e3b0c44298fc1c149afbf4c8996fb92427ae41e4649b934ca495991b7852b855
results/.gitkeep,0,e3b0c44298fc1c149afbf4c8996fb92427ae41e4649b934ca495991b7852b855
scripts/README.md,74452,ca389a7f7396ce593374af3ec233b45344bfc0298d9d44d3f823385e0322f693
scripts/analysis/README.md,520,a40947943c61a68ac182af36dc7073e62a22d638dc8a0752a43fa2da48b2f516
scripts/analysis/audit_3d_fem_joint_constraint_bracketing.py,72324,dd4c572f39a6606cb49f1f5bb278f1caee4406fcd0ee8a6aba6916c6b35c5615
scripts/analysis/audit_3d_fem_joint_coupling_models.py,55121,079034562af2403b4e4c4de10a8e977dd596bb42f9c637e5e903af76c49a8c71
scripts/analysis/audit_3d_fem_point_joint_mu0_eps0p01.py,54622,aa760f0eba40c094a9fbb3020b8fa0e32cafc63ee04069b6f7a58459d2c4245b
scripts/analysis/audit_3d_fem_rigid_joint_thickness_trend.py,46730,bb6bba47b61317a1f28252bd38dc37078333d070193ca2f48e7ccf82c8e97f3f
scripts/analysis/audit_article_beta5_eta0p5_desc1_desc2_crossing.py,37714,962c91d6a6b346ff5d8153b1f6295e2ed2cacacb7b75277e6bd37c65e6244341
scripts/analysis/audit_coupled_equal_thickness_beta15_eps0p01_mu0_fem_sanity.py,22328,7c87774cb6941b4718a55f417c6a5b6e634d13c40d7a76c53808baa57096f353
scripts/analysis/audit_desc6_veering_localization.py,17443,1b450f89337ad063a59b7558bfb7c97be1a31fb8aebf5ce399b2c9c20846f2dd
scripts/analysis/audit_eta0_mu_positive_gap_rearrangement_verification.py,36745,2985f90bb2f03dd6b7a0fb7707973877ce1d52f64907b00445eeceb6cfdcc9e4
scripts/analysis/audit_eta0p5_eps0p0025_lambda_mu_crossings.py,32450,c64f1133d12592f6c273d62c8f2692ef2618639c3c0c0f5c2411417f399de319
scripts/analysis/audit_eta_parameter_positive_gap_verification.py,60420,6ab152e78ab7571f378f90e8f3af485cf91e3297e598145e4a33037be7477e48
scripts/analysis/audit_eta_scan_first6_rearrangement.py,35346,f696b8957d1caad0cc2370cc4aafddbf2e8e57c0870b7a40031ad0d7f4621ca0
scripts/analysis/audit_lambda_beta_sorted_descendant_thickness_mismatch.py,44459,bba45eb3c59ebf56f211161ce98a0dd43df0c82a8198eef184cdf393a6717e03
scripts/analysis/audit_mode_shape_branch2_beta_transition_eta0p1_mu0p3.py,33764,929f9dfaeec051206f9fb6bef2e670702fd40932fed9030f305fcff996bae657
scripts/analysis/audit_mu_scan_eta0_first6_rearrangement.py,49125,b7cb77a1be27ce78872c0ff1ef975fbead2c48c79574d6e46cf649f8849d810a
scripts/analysis/audit_timoshenko_energy_partition_beta15_eps0p01_eta0_eta0p5.py,45288,5f62a369f1d8d1a1799df46bc7eb78f9c66f63210f911d01bc8b23f799523ca3
scripts/analysis/audit_variable_length_thickness_timoshenko_limits.py,42283,052e7066a91bce6e43923fc8b23a30a1a594a003685e8cd451191b58039cfc90
scripts/analysis/audit_variable_length_timoshenko_limits.py,22783,aaa434bc01fc7036895fcd43099a388634ba53c14d985eff8a91b7f87c117946
scripts/analysis/check_analytic_shape_in_fem_residual.py,193407,b636717a012e41d29ea118487f42c18fa18896d605bc86ba40371ce8b4e8e6ea
scripts/analysis/check_beta0_single_rod_limit.py,19564,b3821a83182d7d0309ca4f4069763c6b5900d107ccd7f03ecccd47003763c757
scripts/analysis/check_fem_right_transform_variants.py,18966,e3ca2cda83c18bd6a840a4837af0820f1a0107c86e92fde274f2d5f795948484
scripts/analysis/check_mu_to_one_single_rod_limit.py,37770,af91e9bb6473c6d31a98a0c526d0ff91971facbb9b931170889d4b8faa4bd262
scripts/analysis/check_single_beam_exact_shape_residual.py,9287,d6bca9b831aef5f9c063b0127d8e8b1cf589974e19ed4f6d5c57b16a41ece463
scripts/analysis/check_thickness_mismatch_branch_identity_eta_p0p5.py,21770,3aa4754df58f11b46628808f0b613641fdb888b099c3e1fced2dc6a9c7a7346c
scripts/analysis/check_thickness_mismatch_eta_zero_limit.py,8667,8f88ac1f239d132a65e4a964e00d93c31b1d25ea24173c8e6c1576dc762d52ba
scripts/analysis/compare_analytic_fem_tracked_descendant_shape.py,75565,c748db4f99a5b048df4113ea4918897256e75429286d95088714f3f58fcfb808
scripts/analysis/compare_coupled_equal_rods_eb_timoshenko.py,41198,f9b1d382f973dff1c5db1809556e10b132085e9fcd03272a8908d10c229e70cc
scripts/analysis/compare_joint_dynamic_stiffness_analytic_fem.py,140127,651951a398f645d8a19e7045e842393a2d9f238a4d765689bd644b1eb62406fa
scripts/analysis/compare_single_rod_eb_timoshenko.py,18308,96f1867c2ed009295360e507d4896d917dc0f0f5044d1d7cadcee54d7fb13f97
scripts/analysis/fem_check_thickness_mismatch_eta_p0p5_beta15.py,37657,210dcef6bb17f370ebb924c4765b115decf8d151c906afd9c26a55d66f2d9ce3
scripts/analysis/plot_article_fig3_with_fp_and_ff_refs.py,13630,68e44d086772e373cd0fb2220ec70e9f3b9b6cfbfcb1e9c8934830d9b0a6d849
scripts/analysis/plot_coupled_equal_rods_beta15_eps0p01_eb_timoshenko_fem_vs_mu.py,76272,857a672bc15d39689bba01fe40a86b52d3167c82dfbc466eedeb991de10c43c0
scripts/analysis/plot_desc05_full_shapes_beta15_eps_sweep.py,31226,8a08cf09d53574e515fce799d57ad7767d875ff3b0e5b52f683403d4ddc25d9a
scripts/analysis/plot_diagnostic_eta_mu_beta_frequency_maps.py,45635,c8c8f12946b215aefce6d715119d26a17997718de4def3e8dbc32e9e1ac89729
scripts/analysis/plot_eta_scan_selected_lambda_beta_descendants.py,27539,ef1ae86c40f360ccda75b34b3df2fec1876d074fc0fc618ed007ca11b3c81997
scripts/analysis/plot_lambda_beta_eta0_eps0p0025_mu_rearrangement_check.py,23740,0fedc0da1887fd5898269246e103163cc3c7b97fc4ee6ba6f522c41d2ff3838e
scripts/analysis/plot_lambda_eta_thickness_mismatch.py,8522,b78919f85dea603fef37a36c88fcee26ac8fea0d2e60c69f51a9f850548ee6b0
scripts/analysis/plot_lambda_mu_eta_m0p5_with_single_beam_refs.py,26022,3530f70f704b4106f06184257301a3769fdd35874c53e6c805bafdfe41e46aff
scripts/analysis/plot_lambda_mu_thickness_mismatch_beta15_eta_descendants.py,23851,849d9ce54c0b52b343408acadc45d75f774bec4e77ae9b50739b2204fd3c713b
scripts/analysis/plot_lambda_mu_thickness_mismatch_beta15_eta_large_slenderness.py,20798,f86c9b5e1d87cddcf9d1ca25757fe147dd8562db003e96986f18fbd98f4eb831
scripts/analysis/plot_lambda_mu_thickness_mismatch_beta45_eta_p0p5_with_isolated_rods.py,14133,0e76bee258c552b35312ab6875d40e462a49a3947a88f20e7be22b32f5a05298
scripts/analysis/plot_lambda_mu_thickness_mismatch_beta45_eta_p0p5_with_isolated_rods_fixed_fixed.py,15574,4f33f1f0dd845dec5cff79466b4236a0cd0b25de49eee865511526a92e2b3e7e
scripts/analysis/plot_lambda_mu_thickness_mismatch_eta_p0p5_with_isolated_rods.py,10726,0ad0b8b0a97d64a1b31df240e688ef07b8de6898be0b7036e96f5c829467adb6
scripts/analysis/plot_lambda_vs_beta_fixed_mu.py,19147,61a5a42778c0ab50e73df37d1e3ae0097912f7091459ad68cc0f0af02691d4ad
scripts/analysis/plot_mode_shapes_eta_beta_scan.py,39967,1979f8370c2d968a45623963c92c604575c06b43bda586140633b58954a76bb6
scripts/analysis/plot_mode_shapes_eta_beta_scan_sorted_modes.py,45686,6c2debdb8a13b911c094fb2502e0dfa02b4fcea4e91486041c77bfb9c6e452b2
scripts/analysis/plot_rigid_joint_equal_thickness_beta15_eps_trend.py,22253,4bf0fab81f4ca9fcc3935e61a2099d99b768c6706628e00efff9a46537b4434b
scripts/analysis/plot_rigid_joint_equal_thickness_beta15_lambda_mu_eps_sweep.py,73330,30a37c5975f8ec59a6d62efb6e6a382fae13e499ca6eee2592f25c224f5f051c
scripts/analysis/plot_thickness_mismatch_branch5_shapes.py,16001,1b1660f3f11915559e9f7d4138d948c65d182c06c863bdaf50dab5bc12bae671
scripts/analysis/plot_thickness_mismatch_branch_shapes_vs_eta.py,38251,c0ef355e24633b0ce233424e42514b01ebf26a5831b2162c68225505089b6fb2
scripts/analysis/plot_thickness_mismatch_desc5_veering_mode_shapes.py,15251,9a4162b8ae517854bfd84c9520d832947d56ed39b887b6aaa948929817843a7a
scripts/analysis/plot_thickness_mismatch_desc6_veering_mode_shapes.py,16938,7b47b7d64828ec0d32b843c61a3dd30b315cfa55b5b1b85901413deefced05b1
scripts/analysis/plot_thickness_mismatch_eta_p0p5_global_spectrum.py,35368,15aa80b6a9d9bc24862cf8ec015f7af052ac9ce1311d8d92f18d9e8dc168e3e1
scripts/analysis/plot_thickness_mismatch_fem_comparison_eta_p0p5_beta15.py,21390,51097aae15557b3c6456a5c71f0513bf72bc6959b756b3938b57ec35c5045ad9
scripts/analysis/solid_fem_coupled_equal_rods.py,78147,47e46a94ef0aa4c6f65ebccb4560ed5a9a0be7dd5883e2a175b99f431b3821a1
scripts/analysis/solid_fem_coupled_equal_rods_beta15.py,70218,035b440bf41feac15ca7dfd99645790476012b5c9b297fb8d266b6593d5bb406
scripts/analysis/solid_fem_coupled_equal_rods_point_joint.py,213978,1bb5615a430866ab466491018020a0fee347d13a6257df72fccd869eedd238b4
scripts/analysis/solid_fem_single_rod_fixed_fixed.py,85027,0c2bee784cff99e75156717360c5709684ae31ed37ed41978623f2bb3686d18d
scripts/analysis/summarize_diagnostic_eta_mu_beta_global_trends.py,36404,e4fac6fc0e23472a2c66fb1d1dc290a2d8ec57cf1ae13142d407cc9645117d35
scripts/analysis/thickness_mismatch/README.md,93860,97f2007ba53767f4eb67f66a79f8f317b146e60b896ade6baeb5cd84d61d665d
scripts/analysis/thickness_mismatch/audits/.gitkeep,85,fb7d8058fe5463ccad7ac397e36ba6f49ce7c689a1e357462ee7be26925505b6
scripts/analysis/thickness_mismatch/audits/analyze_universal_eb_validity_parameters_stage1.py,40986,4e5001631fc6118f4acc671b1b6cdba221228844d24f86b02dfd814100388a89
scripts/analysis/thickness_mismatch/audits/audit_eb_epsilon_baseline_thresholds.py,164831,74630579c0d82a1949dc5d041688a6dea592f5df0a51f7ab6cc7e4568a3c4c8c
scripts/analysis/thickness_mismatch/audits/audit_eb_epsilon_lower_envelope_step3a.py,95083,b87f6b4605b76a0791420e9caf824eb2dc25d23f64ad01ae624e6923cf4675f2
scripts/analysis/thickness_mismatch/audits/audit_eb_timo_branch_continuation_gateway.py,58479,0c1be56fa307ae4e89beb1de93190e58bd00e4d20435cf7380b94082f800ec4b
scripts/analysis/thickness_mismatch/audits/audit_eb_timo_general_spectrum_completeness.py,51086,f29dfbe50663656d693adb5762a8f528ab75062d5403126f4c872ecb7ee0a8d6
scripts/analysis/thickness_mismatch/audits/audit_eb_validity_fixed_epsilon_geometry_scan.py,126351,e12dd5a94ece35098391397b6939aaf8e480ec5540a6f75ce1f6e81eb98363ff
scripts/analysis/thickness_mismatch/audits/audit_eb_validity_vs_timoshenko_stage1.py,92155,be48e96309ee367115ced622131cae2a5cfeff5fbbc3b1533e361618b966d6d9
scripts/analysis/thickness_mismatch/audits/audit_full_spectrum_3d_fem_smoke_extraction.py,19171,d1dcd2dfd9cf30d459558e0a640f2e1a4abce69e450611d9edd92b111cbd7004
scripts/analysis/thickness_mismatch/audits/audit_longitudinal_suspect_modes_eb_timo.py,76068,fc8f1eb3fd2f136674f60a04685a2ef2c0e83e5e4cc955561a7d7cc8f41ca28c
scripts/analysis/thickness_mismatch/audits/audit_single_rod_reference_curves.py,29010,f23dfc0abc9f03e0f95288e043a386ba3c16777c79312ed50579330694415036
scripts/analysis/thickness_mismatch/audits/audit_timoshenko_modes456_visualization.py,34016,e6b0c19d6796f7dd599cbd267e1dd9e7c71549998d06f2b9989bf0993f663c02
scripts/analysis/thickness_mismatch/audits/audit_timoshenko_modes_4_6_shape_diagnostics.py,38563,bc86cf41f75ccd550e2837aad6fe61fa42932f61e4742d8558cb3e8a40802251
scripts/analysis/thickness_mismatch/audits/audit_timoshenko_shape_bug_thin_limit.py,57883,4ac01e25d9af2810ac29f1870c0ec15d2a30451b9e26298a84ea557f2b123565
scripts/analysis/thickness_mismatch/audits/audit_timoshenko_shape_construction.py,94563,e6e0233b505c59cdd99146850e7992f9987cb25f07fc3f3baabbda2d84b08283
scripts/analysis/thickness_mismatch/audits/check_3d_fem_environment.py,29978,8c4ab5ff5b07aa61bdb67feac975e99e0a81578d917bb37ee13c5bb0876748a8
scripts/analysis/thickness_mismatch/audits/compare_beta90_in_plane_first6_to_single_rod_refs.py,31254,99be278bb5dfb272d748951605e79daaab7ab868e1f0d08634c0ebab9acfb415
scripts/analysis/thickness_mismatch/audits/compare_full_spectrum_analytic_vs_3d_fem.py,27122,c87e8eeb7033cdaba18ac8d0ac8c8e9ff59a0bb74d93e00c9fad174e53eed08e
scripts/analysis/thickness_mismatch/audits/compare_out_of_plane_analytic_vs_1d_fem.py,20304,0aaba78b3d41d9568c1c5ff9bb5a1ca05683c2378c5d202f03f666d1685a7a71
scripts/analysis/thickness_mismatch/audits/data/eb_epsilon_apriori_pilot_cases.csv,1676,a804ef851b4f3b0b2cc3f68b3c6373d016feb6c8292dca4c623efe187ad20a7d
scripts/analysis/thickness_mismatch/audits/data/eb_epsilon_lower_envelope_step3_cases.csv,7616,a201b3f24433324b18cf49af9ce96a861359de4dd10aea794d2079e72b84f62b
scripts/analysis/thickness_mismatch/audits/run_coupled_mu0p3_eta0_beta15_3d_smoke.py,42035,fdb41e3f7a80dc1b66de117c301ed2fd37870921f090c40e763a790b9a178f39
scripts/analysis/thickness_mismatch/audits/run_eb_epsilon_apriori_pilot.py,49353,eb55624c40ca12cc880c04db09dc9ef4a37b4d7e4b4f36827e801bbdf88636e4
scripts/analysis/thickness_mismatch/audits/run_full_spectrum_3d_fem_smoke_case.py,27094,8b0ec118486601db0fcb199c962db460ef5e2cbd850069c432bed951a44153f3
scripts/analysis/thickness_mismatch/audits/run_straight_uniform_3d_mesh_convergence.py,23121,a00269d116b30e2ba67949d7c940750daf973a75373ff8f69309f7ff5b8a2cb9
scripts/analysis/thickness_mismatch/audits/validate_eb_timo_3d_beta0_stepped.py,57427,a9a513b20927a4078af3e23160bc0a7f374390ca56bf68adf30933b82ef762d3
scripts/analysis/thickness_mismatch/audits/validate_eb_timo_3d_beta0_uniform_eps0p05.py,44323,b774fd2dc095ddccb6aa713b9c15b81067f363269a2c8307122f40fed6e4a705
scripts/analysis/thickness_mismatch/benchmarks/benchmark_rule_s_cost_break_even.py,52631,15e9543914c84fa697124b0e63a3bf2b5d07d535240390346320d3c0f394cb3d
scripts/analysis/thickness_mismatch/lambda_mu/.gitkeep,87,ab8fdb272ebdd81bf67fac03ae48ab856bcc9ba9e11c56e0b9555c1a860d2f38
scripts/analysis/thickness_mismatch/maps/.gitkeep,86,06e18158dee6aa6b02282075d65733d7be303fbb385bd2fbd27907117c9c7e38
scripts/analysis/thickness_mismatch/maps/plot_counterexample_dimensional_frequency_beta.py,50204,794a41bf7f3d392880ba701c61d1cc78994a1cc14ffb965f22f257cc1abaf1a7
scripts/analysis/thickness_mismatch/maps/plot_eb_vs_timoshenko_lambda_beta_cases.py,102083,5c0fd544ccb1a352b26ad6cadce580f2ba713a28a8eaed28ccf02ede3ad87c58
scripts/analysis/thickness_mismatch/maps/plot_eb_vs_timoshenko_lambda_mu_cases.py,83577,c1393ae1e1252216bd2404c08c18eec366a9a097a629f2f7514d8807341c83fd
scripts/analysis/thickness_mismatch/maps/plot_in_plane_vs_out_of_plane_lambda_beta.py,43031,91861ac39e681cb32f58f1e0f9a071e7d5edb1b764e804caa8cf15875b6dd150
scripts/analysis/thickness_mismatch/maps/plot_lambda_eta_beta90_mu_scan_with_single_rod_refs.py,47578,7c1387751caac515c98b41acb591a37186c03644f62a293b24d1b2bdd75f210b
scripts/analysis/thickness_mismatch/maps/plot_lambda_mu_beta90_eta0p1_with_single_rod_refs.py,43118,d8157199e013c365cf3a569b3fe428a15e9923dcded3f59c664acab724622dee
scripts/analysis/thickness_mismatch/maps/plot_lambda_mu_beta90_eta_scan_with_single_rod_refs.py,29771,06ca730c46be2f2ba8f553540e288151f2064f21e72b135858a6ac5612e2e53c
scripts/analysis/thickness_mismatch/maps/plot_out_of_plane_lambda_beta_mu_eta.py,27612,e70b58d1141c0a10af966d20550e0397d5bad893a4b5619fe99a014ed49bc66b
scripts/analysis/thickness_mismatch/maps/plot_out_of_plane_mode_character_beta.py,24390,3d9a2bc36cfdbcda130beebe49d9c1149e8ead4613d76b3f4c0ab01d2b957699
scripts/analysis/thickness_mismatch/postprocess/.gitkeep,80,d8f587fcddd2b230d8e06e47151efac2e3fff8f7725c80fe4aad69e7c9e1177d
scripts/analysis/thickness_mismatch/postprocess/analyze_eb_epsilon_apriori_pilot.py,65188,02f3268403f8496e979485bdc09f6d8f5140149a1619aba09d690fade775820a
scripts/analysis/thickness_mismatch/postprocess/analyze_eb_rule_ab_exact_pareto.py,103561,0158fca225b8e2766e22001c617ccc4336a7b01c638037a3d11f154863a59f82
scripts/analysis/thickness_mismatch/postprocess/analyze_eb_safe_prefix_certification.py,94746,532282bd9f83814b125effaa124d0d0a37f501cde78571de589eae1cbed928ca
scripts/analysis/thickness_mismatch/shapes/.gitkeep,84,2688c08aac66b18525d565dc9560675a8849d8bdae16d913cacdc97a413ee4d3
scripts/analysis/thickness_mismatch/shapes/plot_eb_timo_full_mode_shapes_eps0p03_beta45_eta0_modes4_6.py,35839,23a594e350fc17a6023109c3fbd4bd7215dd912df9cc2a4bab9d6cd4408f9562
scripts/analysis/thickness_mismatch/shapes/plot_in_plane_mode_shapes_beta90_mu0p3_eta0p1_first6.py,33293,226fd991824a409a31b0c6be71e385def0b54a3cee9537e9a9d0c8715e1b8a00
scripts/analysis/track_lambda_eta_thickness_mismatch.py,21041,e2706b436f34f1604b5297465f78211266e67ca678ef11a99a0897560b987a3e
scripts/analysis/track_lambda_mu_thickness_mismatch_eta_sweep.py,29028,3ed5e1b527e34d3d017e4f629e66d311d4f03fa63eac5d7964cef6d9a2399107
scripts/analysis/validate_article_shape_cases_beta15.py,19536,f26bdb1afb9676d6326a764e4423985a2d09e1e0a7c938e20bec038f206e2b4c
scripts/analyze_branchwise_fem_spectrum.py,38656,e1ccfeb20b78233c97bbf80c5070748294ace3fd9aa1c93f39afc99b05bcb958
scripts/analyze_flat_mu_bending_energy.py,23381,9f8661c54aa8c73c0acba6b587c58af17687fc383f6e88f56a14514230a12022
scripts/analyze_flat_mu_branches.py,31523,ed47584655658ff6e9a524f5f6046df2eb352424423828ae1174ee7bb7cd93ea
scripts/analyze_target_descendants_beta15_r5.py,25022,c939538288909ca238537e74a9e94f8f92095d8e28e281cf188a1bad84564325
scripts/compare_beta0_analytic_vs_fem.py,29534,caa71e9e516ef105409fd047417b8b0f05d154cdc0548a8d709d45c9f71e7a69
scripts/compare_beta_positive_type_aware.py,22568,5aff8b42d1d0b83d7283a9becca8735bfb064b3dd9bf329f7f98aea4b1cd3325
scripts/legacy/README.md,177,8a75e927697d548c1a25e2a5517361757e9aa8a8d3605d2e05397e571697817c
scripts/lib/README.md,3464,521b99636fe9f463a79980a71f8770d7b24e2076a624ca11472b88b8081a1243
scripts/lib/analytic_branch_tracking.py,50169,9db73707b8363b7c777bb8636b06b700791534733420cff6ea2da97fb723df6f
scripts/lib/analytic_coupled_rods_shapes.py,11623,a5a832524646da281c3d8e78030bf96dc7b9a2c741b4e2f5960a193d30ce4549
scripts/lib/branch_informed_spectrum_continuation.py,69504,9ebc4bb5cd2e347205a486764fae6875c13630cbfac9b3a06a7f212b36a5a8d5
scripts/lib/diagnostic_common.py,2840,cc94d4c32a2f3dbd921cc4ca134febb9097686b725b36f64bb47048fc8ec0a09
scripts/lib/epsilon_lower_envelope_metrics.py,8263,7ee9a8a75a1d77f143447b51e767dbeaf5ca756d18d4528322c0c7995cdb234c
scripts/lib/general_spectrum_completeness.py,55839,c9f3d18063b6cc4892fd45353b4d1f137d23017b309ee7effd9be5fe1c6d8679
scripts/lib/in_plane_shape_geometry.py,6145,6e28f119dee57c00443d771863897ddabb61c6fa89df8da1daf35a784da38ede
scripts/lib/straight_rod_factorized_spectrum.py,21598,25aa34c8a5cb8637758589118865a5e63f2b727302a3de128f3be266688e3db6
scripts/lib/thickness_mismatch_diagnostic_helpers.py,12351,c0c56ddcae7df52020cceae69a19cec7daa9ef2cd3b63b0e090991a537c9af87
scripts/lib/thickness_mismatch_mac_tracking.py,21105,0eb6f3e54a933bef85160dc02cf8ae1c30a847d31a0c417a7583f2e86255fa67
scripts/lib/tracked_bending_descendant_shapes.py,40853,eaa3ccffd21ad8b2c2fe548ab8710842f688beb0bdc469de7b5a4b590795da2d
scripts/lib/variable_length_timoshenko.py,20822,ea1aa0ddd88bbd7b5493db24ab18cc9d5f6de7fe255a3c2e0614e52b193a356e
scripts/plot_beta_sweep_mu0_compare.py,16483,5faa121f5f0f6a550a1015ed1095193d55d818fb826d21170cb942d3af5eb8d6
scripts/plot_beta_sweep_mu0_four_radii_compare.py,7512,b21129f94d43cdc2c862c0fe68aa34780004d29cfdfccfda0a4e85f30d7ceda6
scripts/plot_flat_mu_bending_desc_01_mu0_0p1_0p2_ru.py,624,4aaff13ec644fd024957a838684cc55ba567aa6b63a7a67bcba9f595a44592d1
scripts/plot_flat_mu_bending_desc_02_mu0_0p1_0p2_ru.py,624,4e920570250cc1d73574864177bc0a30a28629c97d8fa8888567527c96a52f9c
scripts/plot_flat_mu_bending_desc_04_mu0_0p1_0p2_ru.py,678,a928c0191da4ed56c93541eeebcbc78cde0ff316834fa72bf8eae6d5088e67fe
scripts/plot_flat_mu_bending_desc_06_clean_ru.py,802,fed2223a59f45202fabe9701bf89627d372b60dfe28a382b5a27b31d12ef943d
scripts/plot_flat_mu_bending_desc_06_mu0_0p1_0p2_ru.py,863,ef17df4af154cf961a40c1f2a1e6287bf55117a8f7055842875f7448e94dacc5
scripts/plot_freq_mu_vs_fem.py,4813,cdc8df21054670f60f224c25f3c509392f42dfbf2c48f54c8224b7ed6061cdb5
scripts/plot_mu_sweep_beta0_four_radii_compare.py,12207,f134467417c800baec28b383b55083df6735f9953817cd74348565562da0e053
scripts/plot_mu_sweep_beta_fixed_four_radii_compare.py,10969,dd42f0ceaf2db6e33a030c582ebfdc15085c497d07da916545ecc069810e9bad
scripts/plot_mu_sweep_radius_fixed_four_betas_analytic.py,11875,a1cee8a2305e1f0037b437add1733bd62f878e10c7ecfe191f5843f7b7a43581
scripts/plot_tracked_bending_descendant_shapes_ru.py,6169,56cefee1d8c2376b251aac3690d139adbc7d09a03c51c2dbc1adddd82fd0946c
scripts/run/run_analytic_coupled_rods_mode_shape_ru.py,22666,7996bdc8f53ea6c730d1a821de2963eaa2e0e09f7fd49cdc0bc0d4d3c5d6d749
scripts/run/run_analytic_coupled_rods_vibration_shapes_beta15_mu06_eps0025_001_ru.py,2646,c029ab443a4f47e00bdc49c4581154971cfabaa5baa7d2cc41d50231c7f5c4c9
scripts/run/run_beta_sweep_mu0_four_radii.py,713,0d4171e75f24e1c3c6d50fc62baeaea8863e4d5febb38732a4772298a4e2f87a
scripts/run/run_branchwise_fem_audit.py,722,a0b056d0902aeb9cc0555f3388d612c4c068f53124b144e23388daa57d40d1ab
scripts/run/run_lambda_mu_beta15_eps001_fixed_fixed_ref.py,19931,b4b5763faa322660fdc7937aaf5245f6f0d6799063f2ac73ea05bd95c9215906
scripts/run/run_lambda_mu_fixed_beta_analytic.py,9522,b7ef82d856224ab8a3343de25406ae67692a6e531f369dcfb1af46df8a752816
scripts/run/run_mu_sweep_beta0_four_radii.py,713,d3b228697f155143a68d98a8cbf03cfb35c1d32008a6e50c60f2a08fdbebb095
scripts/run/run_mu_sweep_fixed_beta_four_radii.py,764,586c6735d3f31d4569b6e25988110f050661cbd926222e22668d202cbf4559e8
scripts/run/run_mu_sweep_four_betas_analytic.py,511,a6c2fe5bd57bbfd58664bf9ea75cdef5754e58dc3a76dd145bee981b6bccd39e
scripts/run/run_tracked_bending_descendant_shape_ru.py,18890,3fe8157f9a3e2c6ee636a880ec05f3187f3731e21c89b496ea99c1c096264486
scripts/run/run_tracked_bending_descendant_shapes_ru.py,506,e612827477d12fa6f39c5ad6f0515b16a89ab18b514867396d186b9cedfe4801
scripts/run_fem_case.py,176,5a5049d505886b2c61b1d46fe3cc09fc0a94fd1a7c58e3b5a850ca593b59a7cf
scripts/run_program1.py,167,7945cb86e6c247b5be3164820f6c6477b05dafa467a463d729de10826bd2c869
scripts/run_program2.py,167,2541804b151c88f0dd7152093ce3696e909cbdc4093d132f0a763cbaf4807d63
scripts/sweep_grid_policy.py,3462,bf6c672bf9ba792665b9f8f866b4f33e1795a856fdd81e2678a7abf150c7e100
skills/README.md,653,e07525eae0c544b03135f25b9b91c6b0989c9ea5f7df6d54d57941943cae791f
skills/external_writing_general.md,1853,fd90c58075d32f382a03222fe18df506e35882d960630516bc1fd942042d5d9f
skills/paper_dorofeev_style_article_writing.md,4918,290d5b98216dc132aecb4c6718d488a116b312c7806e09a62425bb64e2874a4b
skills/thickness_mismatch_timoshenko_article_writing.md,1954,f0c334c13cefbac29232ff5426b212298aa48f3c66206141e8a8a7288e1cd72d
src/my_project/__init__.py,62,3b6188fc39c3bfee3ddf24ebd6b4f1a38185518507adad872d75e016c1fbdf8d
src/my_project/analytic/.gitkeep,0,e3b0c44298fc1c149afbf4c8996fb92427ae41e4649b934ca495991b7852b855
src/my_project/analytic/FreqFromAngle.py,5565,b2bfc27eb6d9aeffb7d6038c796ca99fcd7da19a077d1aced4baa87df6a078aa
src/my_project/analytic/FreqFromMu.py,12923,45e39a774698e4a672c17e36eaa5c5d8991506421ccaa0fdd5150c140d131366
src/my_project/analytic/FreqMuNet.py,14066,28b94fe5900a1afec3f5122828c0ecc5b7987d0dd3b21cd2b0db30e955f34e84
src/my_project/analytic/__init__.py,828,bbe319be5205e6d30dccf4290e8db79d1b51d11846508022c0aedc173d06ff3e
src/my_project/analytic/formulas.py,2730,299aa9f0648d1963a1f860cb9750340cb248d670358ad65f5cbc628efcff1215
src/my_project/analytic/formulas_out_of_plane.py,7995,af17179b4e6da423680938477064c9e40dcf783d0d002f95fa756f783debc250
src/my_project/analytic/formulas_thickness_mismatch.py,7270,ec7febd4875167f999bbc6e78e55c6a75024bf87a8679e29e4ab4857e14ba8dd
src/my_project/analytic/out_of_plane_fem_1d.py,20508,9e38d464f6c7153bc1e8cb4a25d65ea88071fae5869ea4ffba9764059f1ef4ec
src/my_project/analytic/solvers.py,12583,70bf81f438e5fb5f25a443f4fab7a7f3e995f01e6c08e8e260c2e6a4129110dd
src/my_project/analytic/solvers_out_of_plane.py,5825,a25d4f5a2345c54f89301fa78772349d1e0a2d82a1eba1e62b2183ea002a6544
src/my_project/fem/.gitkeep,0,e3b0c44298fc1c149afbf4c8996fb92427ae41e4649b934ca495991b7852b855
src/my_project/fem/python_fem.py,17508,9df4467f137894f26d8c781a08a710d31d74f2b434acdfc6469c12e71dcb76cc
src/my_project/io/.gitkeep,0,e3b0c44298fc1c149afbf4c8996fb92427ae41e4649b934ca495991b7852b855
src/my_project/utils/.gitkeep,0,e3b0c44298fc1c149afbf4c8996fb92427ae41e4649b934ca495991b7852b855
tests/.gitkeep,0,e3b0c44298fc1c149afbf4c8996fb92427ae41e4649b934ca495991b7852b855
tests/test_analytic_branch_tracking_regression.py,4950,cfe573ec60a70345ebdd9c1a1a89bb731bfe8cb36e6f6eb59bbdcfb83ae374c4
tests/test_analytic_smoke.py,2213,707f84bfc368149eed824aa974445dc933a0f8377237f44da653b7a4cc1b5f41
tests/test_diagnostic_common.py,2628,54fd807cbe6bd61ab0c7ef04ab93cbc7e8c18f044f6450f54e8a81fbe825da47
tests/test_diagnostic_script_imports.py,2693,da9d5c96662fa38a566abe467e3d48dd4ea8a98dca62b25f1e71455f873f92bd
tests/test_eb_epsilon_apriori_pilot.py,15913,abf3663115d630d4b4aa90ad2ff67ac93018ddf81dd708f8735913625549aef2
tests/test_eb_epsilon_baseline_thresholds.py,36196,f0ef6e45a040bd637fc99219608e9860125a9aa0c69afefa87b9ad3d9f81a806
tests/test_eb_epsilon_lower_envelope_step3a.py,16740,5c78891d7cfc6c6389790462b65d0567775bbdb99ca0c6425ef4073e5dd86a95
tests/test_eb_rule_ab_exact_pareto.py,33777,b3b7b4ba5a98faa7c836b371fd95c125127f8198ee49bd96398ed8cc3950db5a
tests/test_eb_safe_prefix_certification.py,19840,79a4c602ab62f730a43cb9dfff91d0e020d8dc10f6d9b999d881eb7d56fc84de
tests/test_eb_timo_branch_continuation_gateway.py,17105,5726c6f622d020cd954ab06d31d2219532764e6fff66a0bb217f054620a49a99
tests/test_eb_timo_general_spectrum_completeness.py,14720,01e31f79400eb00612525f9584321c77d4ab6e4891985cb858e18480e61500d7
tests/test_eb_validity_fixed_epsilon_scan.py,8175,b05234c42c5f4a77e01755406456503b610af8da599a7067c0204060e4522f23
tests/test_eb_validity_metrics.py,4029,77d0676066ba1d27fcf7be5520c79a079fdbe3d0e351742f257f2f229c9d856e
tests/test_fem_arm_energy_diagnostics.py,725,b1e6786990b06bf106f4074009ab7d16d184bcfbf2211ae0259a736ec679bce4
tests/test_fem_right_transform_convention.py,2825,8c62a911cea278ce694af802e57a165531e1c2fb84ba6fd2378f18e509f16f1f
tests/test_full_spectrum_analytic_vs_3d_fem_helpers.py,3958,fdf30265473c1c5f088ed40842ecb28806e0f74af3b74d5a0a965be0b027d489
tests/test_in_plane_shape_geometry.py,5671,46475aa1c913aedad484d1c56a3d22f146d6383cf67afe79fbd2ac54cb2753e2
tests/test_out_of_plane_fem_1d.py,4063,c5acaedadd96da971b1ce3e946936569dae55375f8612adb382834de8e7b8200
tests/test_out_of_plane_formulas.py,9146,f9faea58fb7d5f1edbc71a29559e719f69f07cc709c5a3f62a329475cbb02fa2
tests/test_plot_counterexample_dimensional_frequency_beta.py,7847,662fd9e9d07e5edf4782b35b194690604a32ea15b37f5c0ccabe8fb937e8e0e1
tests/test_single_rod_reference_curves.py,1918,5c015cadb1e3d11721e4d7d77d60abb336a66003f595984952aed7408b0e22c6
tests/test_thickness_mismatch_formulas.py,4465,4c66be660d2a73a4529ba2d3252904fcba1aaacc0a8b0944eb7baef9f735e802
tests/test_tracked_bending_descendant_titles.py,1389,177cee0d6bbd2554ad01519fdba175288ca6fe98aee4d8701c0343e7624aaac1
tests/test_universal_eb_validity_parameters.py,1939,3eeb56debf9db697610fad904f68753a8f4a924d9b8c51b3ef44604c1f48e1b0
